{
  "GolfDataFeed": {
    "Type": "Locatorboards",
    "Timestamp": "6/3/2018 7:20:17 PM",
    "Tournament": {
      "ID": "2018042",
      "Name": "U.S. Women's Open Championship Conducted by the USGA",
      "Locatorboard": {
        "RoundID": "4",
        "Player": [
          {
            "ID": "82896",
            "FirstName": "Ashleigh",
            "LastName": "Buhai",
            "Country": "RSA",
            "Status": "InProgress",
            "StartTime": "09:56",
            "StartTee": "1",
            "Hole": 1,
            "HoleLocation": "TEE",
            "Course": "SC",
            "Rank": "57",
            "CumulativeToPar": "12",
            "RoundToPar": "8"
          },
          {
            "ID": "87987",
            "FirstName": "Chella",
            "LastName": "Choi",
            "Country": "KOR",
            "Status": "InProgress",
            "StartTime": "10:07",
            "StartTee": "1",
            "Hole": 1,
            "HoleLocation": "TEE",
            "Course": "SC",
            "Rank": "41",
            "CumulativeToPar": "8",
            "RoundToPar": "5"
          },
          {
            "ID": "93254",
            "FirstName": "Carlota",
            "LastName": "Ciganda",
            "Country": "ESP",
            "Status": "InProgress",
            "StartTime": "12:34",
            "StartTee": "1",
            "Hole": 1,
            "HoleLocation": "TEE",
            "Course": "SC",
            "Rank": "3",
            "CumulativeToPar": "-7",
            "RoundToPar": "-3"
          },
          {
            "ID": "88290",
            "FirstName": "Jodi",
            "LastName": "Ewart Shadoff",
            "Country": "ENG",
            "Status": "InProgress",
            "StartTime": "11:31",
            "StartTee": "1",
            "Hole": 1,
            "HoleLocation": "FWY",
            "Course": "SC",
            "Rank": "27",
            "CumulativeToPar": "5",
            "RoundToPar": "5"
          },
          {
            "ID": "98449",
            "FirstName": "Kristen",
            "LastName": "Gillman",
            "Country": "USA",
            "Status": "InProgress",
            "StartTime": "10:28",
            "StartTee": "1",
            "Hole": 1,
            "HoleLocation": "FWY",
            "Course": "SC",
            "Rank": "27",
            "CumulativeToPar": "5",
            "RoundToPar": "2"
          },
          {
            "ID": "99484",
            "FirstName": "Linn",
            "LastName": "Grant",
            "Country": "SWE",
            "Status": "InProgress",
            "StartTime": "09:56",
            "StartTee": "1",
            "Hole": 1,
            "HoleLocation": "FWY",
            "Course": "SC",
            "Rank": "57",
            "CumulativeToPar": "12",
            "RoundToPar": "9"
          },
          {
            "ID": "98830",
            "FirstName": "Nasa",
            "LastName": "Hataoka",
            "Country": "JPN",
            "Status": "InProgress",
            "StartTime": "11:41",
            "StartTee": "1",
            "Hole": 1,
            "HoleLocation": "GRN",
            "Course": "SC",
            "Rank": "10",
            "CumulativeToPar": "0",
            "RoundToPar": "0"
          },
          {
            "ID": "98290",
            "FirstName": "Wei-Ling",
            "LastName": "Hsu",
            "Country": "TPE",
            "Status": "InProgress",
            "StartTime": "12:34",
            "StartTee": "1",
            "Hole": 1,
            "HoleLocation": "GRN",
            "Course": "SC",
            "Rank": "5",
            "CumulativeToPar": "-2",
            "RoundToPar": "0"
          },
          {
            "ID": "98215",
            "FirstName": "Charley",
            "LastName": "Hull",
            "Country": "ENG",
            "Status": "InProgress",
            "StartTime": "11:10",
            "StartTee": "1",
            "Hole": 1,
            "HoleLocation": "GRN",
            "Course": "SC",
            "Rank": "10",
            "CumulativeToPar": "0",
            "RoundToPar": "-1"
          },
          {
            "ID": "82847",
            "FirstName": "Eun-Hee",
            "LastName": "Ji",
            "Country": "KOR",
            "Status": "InProgress",
            "StartTime": "12:23",
            "StartTee": "1",
            "Hole": 2,
            "HoleLocation": "TEE",
            "Course": "SC",
            "Rank": "17",
            "CumulativeToPar": "1",
            "RoundToPar": "2"
          },
          {
            "ID": "93475",
            "FirstName": "Ariya",
            "LastName": "Jutanugarn",
            "Country": "THA",
            "Status": "InProgress",
            "StartTime": "13:05",
            "StartTee": "1",
            "Hole": 2,
            "HoleLocation": "TEE",
            "Course": "SC",
            "Rank": "1",
            "CumulativeToPar": "-11",
            "RoundToPar": "1"
          },
          {
            "ID": "88561",
            "FirstName": "Danielle",
            "LastName": "Kang",
            "Country": "USA",
            "Status": "InProgress",
            "StartTime": "11:41",
            "StartTee": "1",
            "Hole": 2,
            "HoleLocation": "TEE",
            "Course": "SC",
            "Rank": "4",
            "CumulativeToPar": "-3",
            "RoundToPar": "-3"
          },
          {
            "ID": "81106",
            "FirstName": "Cristie",
            "LastName": "Kerr",
            "Country": "USA",
            "Status": "InProgress",
            "StartTime": "10:38",
            "StartTee": "1",
            "Hole": 2,
            "HoleLocation": "FWY",
            "Course": "SC",
            "Rank": "52",
            "CumulativeToPar": "10",
            "RoundToPar": "8"
          },
          {
            "ID": "98244",
            "FirstName": "Megan",
            "LastName": "Khang",
            "Country": "USA",
            "Status": "InProgress",
            "StartTime": "12:23",
            "StartTee": "1",
            "Hole": 2,
            "HoleLocation": "FWY",
            "Course": "SC",
            "Rank": "10",
            "CumulativeToPar": "0",
            "RoundToPar": "1"
          },
          {
            "ID": "98236",
            "FirstName": "Hyo Joo",
            "LastName": "Kim",
            "Country": "KOR",
            "Status": "InProgress",
            "StartTime": "12:55",
            "StartTee": "1",
            "Hole": 2,
            "HoleLocation": "FWY",
            "Course": "SC",
            "Rank": "2",
            "CumulativeToPar": "-11",
            "RoundToPar": "-5"
          },
          {
            "ID": "98078",
            "FirstName": "Ji-Hyun",
            "LastName": "Kim",
            "Country": "KOR",
            "Status": "InProgress",
            "StartTime": "12:55",
            "StartTee": "1",
            "Hole": 2,
            "HoleLocation": "GRN",
            "Course": "SC",
            "Rank": "10",
            "CumulativeToPar": "0",
            "RoundToPar": "5"
          },
          {
            "ID": "98371",
            "FirstName": "Sei Young",
            "LastName": "Kim",
            "Country": "KOR",
            "Status": "InProgress",
            "StartTime": "10:59",
            "StartTee": "1",
            "Hole": 2,
            "HoleLocation": "GRN",
            "Course": "SC",
            "Rank": "27",
            "CumulativeToPar": "5",
            "RoundToPar": "4"
          },
          {
            "ID": "98455",
            "FirstName": "Jin Young",
            "LastName": "Ko",
            "Country": "KOR",
            "Status": "InProgress",
            "StartTime": "10:07",
            "StartTee": "1",
            "Hole": 2,
            "HoleLocation": "GRN",
            "Course": "SC",
            "Rank": "17",
            "CumulativeToPar": "1",
            "RoundToPar": "-2"
          },
          {
            "ID": "98350",
            "FirstName": "Nelly",
            "LastName": "Korda",
            "Country": "USA",
            "Status": "InProgress",
            "StartTime": "12:13",
            "StartTee": "1",
            "Hole": 3,
            "HoleLocation": "TEE",
            "Course": "SC",
            "Rank": "10",
            "CumulativeToPar": "0",
            "RoundToPar": "1"
          },
          {
            "ID": "99109",
            "FirstName": "Jeongeun",
            "LastName": "Lee6",
            "Country": "KOR",
            "Status": "InProgress",
            "StartTime": "11:31",
            "StartTee": "1",
            "Hole": 3,
            "HoleLocation": "TEE",
            "Course": "SC",
            "Rank": "17",
            "CumulativeToPar": "1",
            "RoundToPar": "1"
          },
          {
            "ID": "80142",
            "FirstName": "Brittany",
            "LastName": "Lincicome",
            "Country": "USA",
            "Status": "InProgress",
            "StartTime": "10:49",
            "StartTee": "1",
            "Hole": 3,
            "HoleLocation": "TEE",
            "Course": "SC",
            "Rank": "25",
            "CumulativeToPar": "4",
            "RoundToPar": "2"
          },
          {
            "ID": "82822",
            "FirstName": "Teresa",
            "LastName": "Lu",
            "Country": "TPE",
            "Status": "InProgress",
            "StartTime": "10:28",
            "StartTee": "1",
            "Hole": 3,
            "HoleLocation": "FWY",
            "Course": "SC",
            "Rank": "27",
            "CumulativeToPar": "5",
            "RoundToPar": "2"
          },
          {
            "ID": "98119",
            "FirstName": "Caroline",
            "LastName": "Masson",
            "Country": "GER",
            "Status": "InProgress",
            "StartTime": "09:46",
            "StartTee": "1",
            "Hole": 3,
            "HoleLocation": "FWY",
            "Course": "SC",
            "Rank": "34",
            "CumulativeToPar": "6",
            "RoundToPar": "1"
          },
          {
            "ID": "88114",
            "FirstName": "Azahara",
            "LastName": "Munoz",
            "Country": "ESP",
            "Status": "InProgress",
            "StartTime": "10:17",
            "StartTee": "1",
            "Hole": 3,
            "HoleLocation": "FWY",
            "Course": "SC",
            "Rank": "41",
            "CumulativeToPar": "8",
            "RoundToPar": "5"
          },
          {
            "ID": "98192",
            "FirstName": "Su",
            "LastName": "Oh",
            "Country": "AUS",
            "Status": "InProgress",
            "StartTime": "11:20",
            "StartTee": "1",
            "Hole": 3,
            "HoleLocation": "GRN",
            "Course": "SC",
            "Rank": "17",
            "CumulativeToPar": "1",
            "RoundToPar": "1"
          },
          {
            "ID": "82866",
            "FirstName": "Inbee",
            "LastName": "Park",
            "Country": "KOR",
            "Status": "InProgress",
            "StartTime": "12:44",
            "StartTee": "1",
            "Hole": 3,
            "HoleLocation": "GRN",
            "Course": "SC",
            "Rank": "9",
            "CumulativeToPar": "-1",
            "RoundToPar": "3"
          },
          {
            "ID": "98397",
            "FirstName": "Emily",
            "LastName": "Pedersen",
            "Country": "DEN",
            "Status": "InProgress",
            "StartTime": "09:46",
            "StartTee": "1",
            "Hole": 3,
            "HoleLocation": "GRN",
            "Course": "SC",
            "Rank": "41",
            "CumulativeToPar": "8",
            "RoundToPar": "3"
          },
          {
            "ID": "98006",
            "FirstName": "So Yeon",
            "LastName": "Ryu",
            "Country": "KOR",
            "Status": "InProgress",
            "StartTime": "12:13",
            "StartTee": "1",
            "Hole": 4,
            "HoleLocation": "TEE",
            "Course": "SC",
            "Rank": "23",
            "CumulativeToPar": "2",
            "RoundToPar": "3"
          },
          {
            "ID": "98642",
            "FirstName": "Madelene",
            "LastName": "Sagstrom",
            "Country": "SWE",
            "Status": "InProgress",
            "StartTime": "12:44",
            "StartTee": "1",
            "Hole": 4,
            "HoleLocation": "TEE",
            "Course": "SC",
            "Rank": "17",
            "CumulativeToPar": "1",
            "RoundToPar": "5"
          },
          {
            "ID": "88510",
            "FirstName": "Lizette",
            "LastName": "Salas",
            "Country": "USA",
            "Status": "InProgress",
            "StartTime": "10:49",
            "StartTee": "1",
            "Hole": 4,
            "HoleLocation": "TEE",
            "Course": "SC",
            "Rank": "17",
            "CumulativeToPar": "1",
            "RoundToPar": "-1"
          },
          {
            "ID": "88308",
            "FirstName": "Jenny",
            "LastName": "Shin",
            "Country": "KOR",
            "Status": "InProgress",
            "StartTime": "11:20",
            "StartTee": "1",
            "Hole": 4,
            "HoleLocation": "FWY",
            "Course": "SC",
            "Rank": "27",
            "CumulativeToPar": "5",
            "RoundToPar": "5"
          },
          {
            "ID": "82817",
            "FirstName": "Sarah Jane",
            "LastName": "Smith",
            "Country": "AUS",
            "Status": "InProgress",
            "StartTime": "13:05",
            "StartTee": "1",
            "Hole": 4,
            "HoleLocation": "FWY",
            "Course": "SC",
            "Rank": "5",
            "CumulativeToPar": "-2",
            "RoundToPar": "6"
          },
          {
            "ID": "88275",
            "FirstName": "Jennifer",
            "LastName": "Song",
            "Country": "USA",
            "Status": "InProgress",
            "StartTime": "10:17",
            "StartTee": "1",
            "Hole": 4,
            "HoleLocation": "FWY",
            "Course": "SC",
            "Rank": "25",
            "CumulativeToPar": "4",
            "RoundToPar": "1"
          },
          {
            "ID": "81901",
            "FirstName": "Angela",
            "LastName": "Stanford",
            "Country": "USA",
            "Status": "InProgress",
            "StartTime": "11:52",
            "StartTee": "1",
            "Hole": 4,
            "HoleLocation": "GRN",
            "Course": "SC",
            "Rank": "10",
            "CumulativeToPar": "0",
            "RoundToPar": "0"
          },
          {
            "ID": "98096",
            "FirstName": "Emma",
            "LastName": "Talley",
            "Country": "USA",
            "Status": "InProgress",
            "StartTime": "10:38",
            "StartTee": "1",
            "Hole": 4,
            "HoleLocation": "GRN",
            "Course": "SC",
            "Rank": "41",
            "CumulativeToPar": "8",
            "RoundToPar": "5"
          },
          {
            "ID": "98501",
            "FirstName": "Patty",
            "LastName": "Tavatanakit",
            "Country": "THA",
            "Status": "InProgress",
            "StartTime": "12:02",
            "StartTee": "1",
            "Hole": 4,
            "HoleLocation": "GRN",
            "Course": "SC",
            "Rank": "5",
            "CumulativeToPar": "-2",
            "RoundToPar": "-1"
          },
          {
            "ID": "98184",
            "FirstName": "Lexi",
            "LastName": "Thompson",
            "Country": "USA",
            "Status": "InProgress",
            "StartTime": "11:52",
            "StartTee": "1",
            "Hole": 5,
            "HoleLocation": "TEE",
            "Course": "SC",
            "Rank": "5",
            "CumulativeToPar": "-2",
            "RoundToPar": "-2"
          },
          {
            "ID": "98636",
            "FirstName": "Albane",
            "LastName": "Valenzuela",
            "Country": "SUI",
            "Status": "InProgress",
            "StartTime": "12:02",
            "StartTee": "1",
            "Hole": 5,
            "HoleLocation": "TEE",
            "Course": "SC",
            "Rank": "24",
            "CumulativeToPar": "3",
            "RoundToPar": "3"
          },
          {
            "ID": "98847",
            "FirstName": "Elizabeth",
            "LastName": "Wang",
            "Country": "USA",
            "Status": "InProgress",
            "StartTime": "11:10",
            "StartTee": "1",
            "Hole": 5,
            "HoleLocation": "TEE",
            "Course": "SC",
            "Rank": "34",
            "CumulativeToPar": "6",
            "RoundToPar": "5"
          },
          {
            "ID": "88106",
            "FirstName": "Michelle",
            "LastName": "Wie",
            "Country": "USA",
            "Status": "InProgress",
            "StartTime": "10:59",
            "StartTee": "1",
            "Hole": 5,
            "HoleLocation": "FWY",
            "Course": "SC",
            "Rank": "10",
            "CumulativeToPar": "0",
            "RoundToPar": "-1"
          }
        ]
      }
    }
  }
}
