
{
  "GolfDataFeed":
  {
    "Type":"Locatorboards",
    "Timestamp":"5/17/2018 6:03:39 PM",
    "Tournament":
    {
      "Locatorboard":
      {
        "Player":
        [
          {
            "HoleLocation":"TEE",
            "Status":"InProgress",
            "Hole":1,
            "StartTee":10,
            "FirstName":"Carlota",
            "StartTime":"09:16",
            "Country":"USA",
            "ID":93254,
            "LastName":"Ciganda",
            "Course":"Ki",
            "Rank": "57",
            "CumulativeToPar": "12",
            "RoundToPar": "8"
          },
          {"HoleLocation":"TEE","Status":"InProgress","Hole":1,"StartTee":17,"FirstName":"Marina","StartTime":"13:27","Country":"USA","ID":98011,"LastName":"Alex","Course":"Ki", "Rank": "57","CumulativeToPar": "12","RoundToPar": "8"},
          {"HoleLocation":"GRN","Status":"InProgress","Hole":1,"StartTee":17,"FirstName":"Rebecca","StartTime":"13:38","Country":"AUS","ID":98276,"LastName":"Artis","Course":"Ki", "Rank": "57","CumulativeToPar": "12","RoundToPar": "8"}
          
        ]
      }
    }
  }
}
